NomSubEstacao,NumCoordESub,NumCoordNSub
,,
TOLEDO,-5376,-2474
CAXIAS DO SUL 5,-5119,-2913
CANOAS 1 - CEEE,-5119,-2995
OURO PRETO 1,-4351,-2039
PATAMARES,-3839,-1294
ESTEIO,-5118,-2984
PARANAIBA,-5118,-1970
SERRA DE CALDAS,-4862,-1780
SAO GOTARDO 1,-4606,-1932
INDAIA,-3838,-408
SUBESTA�ÃO RINCÃO,-5117,-3011
FLORES DA CUNHA,-5117,-2904
PALERMO,-5117,-2330
SUBESTA�ÃO PORTO ALEGRE 12,-5117,-3004
BALSAS,-4605,-751
CONCORDIA,-5372,-2474
CAXIAS DO SUL 7,-5116,-2920
CAXIAS DO SUL 2,-5116,-2914
CAXIAS DO SUL 3,-5116,-2917
BARRETOS 1,-4860,-2052
BRASILANDIA 2,-4604,-1707
SETD COMENDADOR SOARES,-4348,-2276
SAO CRISTOVAO,-3836,-1292
CATU - CHESF,-3836,-1240
SANTO ANTONIO DO SUDOESTE,-5371,-2608
NOVO HAMBURGO - SCHARLAU CEEE,-5115,-2972
SUBESTA�ÃO PORTO ALEGRE 14,-5115,-3016
FLP01,-5115,-2162
ROLAND DAVIDS,-5115,-2332
ESTÂNCIA VELHA,-5115,-2965
SAO GONCALO DO ABAETE 1,-4603,-1839
SETD ARI FRANCO,-4347,-2286
SETD RECREIO,-4347,-2301
JANAUBA 2,-4347,-1570
SETD ROCHA FREIRE,-4347,-2269
BUR01,-4858,-2380
SETD CARMARI,-4346,-2272
PRAIA BELA,-3834,-394
SAPUCAIA DO SUL 1,-5113,-2981
SETD NOVA IGUACU,-4345,-2276
ITINGA,-3833,-1290
SE VILA RICA 138 KV,-5112,-1003
NOVA PETRÓPOLIS,-5112,-2938
TUCUMÃ,-5112,-675
SAO MANUEL 1,-4856,-2274
BONFINOPOLIS DE MINAS,-4600,-1656
LAURO DE FREITAS,-3832,-1288
SE RIO MADEIRA,-6391,-872
SÃO LEOPOLDO 1 - PINHEIROS,-5111,-2976
CAXIAS DO SUL 4,-5111,-2912
SETD ITAPEBA,-4343,-2300
CAMACARI  III,-3831,-1272
SE CENTRO,-6390,-878
PIUMHI 2,-4598,-2049
SETD MENA BARRETO,-4342,-2280
BENEDITO BENTES,-3574,-956
SE AREAL,-6389,-878
JULIO DE CASTILHOS 2,-5365,-2924
CACHOEIRINHA 1,-5109,-2991
SUBESTA�ÃO VIAMÃO 2,-5109,-3005
NOVO HAMBURGO 3 - CANUDOS,-5109,-2968
VIANOPOLIS,-4853,-1675
BAMBUI,-4597,-2002
PATAGONIA,-4085,-1490
SERRA TALHADA,-3829,-798
SE ALFAVILE,-6388,-873
SE TREVO DO LAGARTO 138 KV,-5620,-1565
FORMIGUEIRO,-5364,-3009
CACHOEIRINHA 2,-5108,-2993
COLINA 1,-4852,-2071
TAQUARITINGA 3 ESPERANCA,-4852,-2141
JUIZ DE FORA 1,-4340,-2171
SETD AREIA BRANCA,-4340,-2275
CAMPO BOM 1 - CEEE,-5107,-2969
ALFENAS 1,-4595,-2145
JUIZ DE FORA 8,-4339,-2177
SETD PAVUNA,-4339,-2282
SETD COELHO DA ROCHA,-4339,-2277
VITORIA DA CONQUISTA,-4083,-1483
CRUZ ALTA 1,-5362,-2861
SÃO MARCOS,-5106,-2898
GRAVATAÍ 2,-5106,-2988
SE COLINAS,-4850,-805
RODA VELHA,-4594,-1275
SETD GARDENIA,-4338,-2297
SUBESTA�ÃO VIAMÃO 1,-5105,-3008
MIRAMAR,-4849,-141
NIQUELANDIA SUBTRANSMISSAO,-4849,-1447
SETD ROSALI,-4337,-2279
SETD GUADALUPE,-4337,-2284
USINA PETI,-4337,-1988
SE IPIRANGA DO NORTE 138 KV,-5616,-1224
ICOARACI,-4848,-133
POUSO ALEGRE,-4592,-2221
MASSANGANO II,-4080,-937
MOXOTO - CHESF,-3824,-938
SE TIRADENTES,-6383,-875
QUARAÍ 2 - HARMONIA,-5615,-3006
CREMA�ÃO,-4847,-146
SHOPPING  GRÃO PARÁ,-4847,-139
GRÃO PARA,-4847,-139
MACHADO 2,-4591,-2170
CAXIAS,-4335,-487
SETD VILAR DOS TELES,-4335,-2274
JUIZ DE FORA 2,-4335,-2175
SETD TURIACU,-4335,-2286
SE PORTO VELHO ELN,-6382,-880
MOSQUEIRO,-4846,-114
POUSO ALEGRE 2,-4590,-2229
SETD COLEGIO,-4334,-2284
NOVA PETROLANDIA,-3822,-897
SE VARZEA GRANDE 138 KV,-5613,-1567
SE CIDADE ALTA 138 KV,-5613,-1559
SE BEIRA RIO 138 KV,-5613,-1561
GUARITA,-5357,-2761
PID,-5101,-2056
SAPIRANGA,-5101,-2965
BENGUI,-4845,-137
AUGUSTO MONTENEGRO,-4845,-134
GUAMÁ,-4845,-146
São José,-4333,-2275
SETD CASCADURA,-4333,-2288
JUIZ DE FORA 4,-4333,-2178
SETD SÃO JOÃO,-4333,-2276
SETD MERITI,-4333,-2280
SETD BARRA,-4333,-2300
CRISTAL-CLIENTE,-3821,-1280
MODELO REDUZIDO - CHESF,-3821,-939
SE BURITIS,-6380,-1023
GRAVATAÍ 1,-5100,-2995
CURIO,-4844,-141
SETD VIGARIO GERAL,-4332,-2281
SETD SARAPUI,-4332,-2272
SETD BARRA 2,-4332,-2300
AREMBEPE,-3820,-1278
ENT. AREMBEPE,-3820,-1278
CENTRO INDUSTRIAL DO CERRADO,-4587,-1210
SETD CAXIAS,-4331,-2277
SETD WASHINGTON LUIS,-4331,-2279
SETD AGUA GRANDE,-4331,-2283
SEMARH CANAL DO SERTÃO,-3819,-934
SE ALTA FLORESTA 138 KV,-5610,-989
SE CRISTO REI 138 KV,-5610,-1563
COQUEIRO,-4842,-138
SETD ELDORADO,-4330,-2265
USINA DE MARMELOS,-4330,-2179
SETD MATURACA,-4330,-2284
JANAUBA 1,-4330,-1582
CABRIUVA (RIO VERDE),-5097,-1782
DER. CENTRO INDUST DO CERRADO,-4585,-1210
Santa Cruz da Serra,-4329,-2264
SE BARRO DURO 138 KV,-5608,-1559
SE NOVA MUTUM 138 KV,-5608,-1383
REALEZA,-5352,-2578
SE PORTO NACIONAL,-4840,-1069
SETD BRAS DE PINA,-4328,-2283
SETD INMETRO,-4328,-2259
Campos Eliseos,-4328,-2270
ANANINDEUA,-4839,-137
BOA ESPERANCA DO SUL 1,-4839,-2199
SETD TERRA NOVA,-4327,-2287
TACARATU,-3815,-910
UTINGA,-4838,-134
SETD DEMOCRATICOS,-4326,-2288
SETD LEOPOLDO,-4326,-2293
SETD PEDRO ERNESTO,-4326,-2285
GRAVATA,-3558,-820
SE PIMENTA BUENO,-6117,-1170
SETD RAMOS,-4325,-2286
ALEGRETE 3 - MARIANO PINTO,-5604,-2938
OLIMPICO,-5348,-2496
SE PALMAS IV,-4836,-1018
SETD FUNDAO,-4324,-2284
SETD ALDEIA CAMPISTA,-4324,-2292
VACARIA,-5091,-2849
RIO VERDE,-5091,-1780
SETD TRES RIOS,-4323,-2212
SÃO BORJA 1 - JARDIM DA PAZ,-5602,-2867
UBERLANDIA 1,-4834,-1891
JABOTICABAL 1,-4834,-2127
UBERLANDIA 9,-4834,-1897
CBO01,-4834,-2399
MARITUBA,-4834,-136
RIO DAS PEDRAS,-4578,-1209
SETD RIO COMPRIDO,-4322,-2293
SETD LEBLON,-4322,-2298
GRAVATA II,-3554,-820
PINHEIROS,-5345,-2493
SE PALMAS III,-4833,-1026
PARAISOPOLIS,-4577,-2256
Nova Parada Angelica,-4321,-2262
Parada Angelica,-4321,-2262
ENTRE RIOS,-3809,-1195
CARACARAI,-6112,182
SE DISTRITO CUIABA 138 KV,-5600,-1566
SÃO BORJA 2 - CEEE,-5600,-2869
SUBESTA�ÃO ÁGUAS CLARAS,-5088,-3017
CAMPOS GERAIS,-4576,-2124
ITABIRA 3,-4320,-1968
SETD GOVERNADOR,-4320,-2280
ITABIRA 2,-4320,-1960
SETD FREI CANECA,-4320,-2292
GUARAJUBA,-3808,-1265
PAROBÉ,-5087,-2964
GRAMADO,-5087,-2940
CROWN - FICTICIA,-5087,-1773
SE PALMAS II,-4831,-1020
SETD GUANABARA,-4319,-2280
JOAO MONLEVADE 3,-4319,-1981
SETD SAMARITANO,-4319,-2295
Secretario,-4319,-2234
SETD COPACABANA,-4319,-2297
MASSANGANO I,-4063,-933
PARATINGA,-4318,-1270
SETD BAEPENDI,-4318,-2293
CANELA,-5085,-2936
PIRES DO RIO,-4829,-1731
PARAGUAÇU 1,-4573,-2156
Rio da Cidade,-4317,-2243
FREDERICO WESTPHALEN,-5340,-2738
UBERLANDIA 2,-4828,-1886
Fagundes,-4316,-2221
BARRA DO CHOCA,-4060,-1487
IRACEMA,-6107,216
SANTA RITA DO SAPUCAI,-4571,-2226
IGUATAMA 2,-4571,-2019
CCP - PEDREIRA,-4059,-373
SE LUCAS DO RIO VERDE 138KV,-5594,-1304
BENEVIDES,-4826,-136
UBERLANDIA 6,-4826,-1893
ILHA DE BALSAS,-4570,-762
BARRA,-4314,-1108
GLORINHA,-5080,-2989
SE ARAGUAINA I,-4824,-720
SAQUINHO II - ENERGIPE,-3800,-1120
PRINCESA (PARAIBA),-3800,-775
RUSSAS II,-3800,-495
TAQUARA,-5079,-2966
MINACU,-4823,-1355
SE ESPIGAO D OESTE,-6102,-1154
UBERLANDIA 7,-4822,-1891
PAINS 2,-4566,-2036
ZE DOCA,-4566,-328
Gradim,-4310,-2283
Neves,-4310,-2285
SE SAO FRANCISCO,-6357,-1208
CAFELANDIA DO OESTE,-5333,-2462
TRÊS COROAS,-5077,-2951
ARAGUARI 2,-4821,-1865
PITANGUEIRAS 1,-4821,-2100
PORTO FIRME,-4309,-2067
Areal,-4309,-2223
PAO01,-5076,-2044
SECCIONADORA RIBEIRAO,-3540,-847
PALMEIRA DAS MISSÕES,-5331,-2788
PASSO DO INFERNO 2,-5075,-2927
CANASTRA 2,-5075,-2939
JUAZEIRO DA BAHIA,-4051,-942
AGUAS FORMOSAS - CEMIG,-4051,-1693
SE GUAREI,-4818,-2337
ARARIPINA,-4050,-759
BRASOPOLIS 1,-4561,-2247
RIO GRANDE DO PIAUI,-4305,-780
PORTEIRINHA 2,-4305,-1576
DOM AVELAR,-4049,-936
DISTRITO INDUSTRIAL DE JUAZEIRO,-4049,-947
SAUIPE,-3793,-1241
SE VISTA ALEGRE,-4816,-2349
Augusto Vieira,-4304,-2260
FLORIANO,-4304,-678
Galo Branco,-4304,-2283
JACOBINA,-4048,-1121
MUNDO NOVO,-4048,-1185
SAO GONCALO DO SAPUCAI,-4559,-2189
CJO01,-4559,-2273
DORES DO INDAIA,-4559,-1948
NOVA ERA 1,-4303,-1977
FAO,-4303,-676
SE CORUMBIARA,-6094,-1300
"SE CARLINDA 34,5 KV",-5582,-997
AGUDO,-5326,-2965
TOMÉ A�Ú,-4814,-241
BOA ESPERANCA 2,-4557,-2112
CHAVEAMENTO MASSANGANO II,-4045,-929
MUCAJAI,-6092,243
TAUBATE,-4556,-2302
ELOI MENDES,-4556,-2160
Alcantara,-4300,-2281
Arsenal,-4300,-2286
USINA SALTO DO JACUÍ,-5323,-2908
UHE JACUI,-5323,-2908
LAGOA DA PRATA 1,-4555,-2003
PALESTINA,-4299,-371
COELHO NETO,-4299,-430
VITORIA DE SANTO ANTAO,-3531,-812
SE CHUPINGUAIA,-6090,-1256
SE ARAPUTANGA 138 KV,-5834,-1548
"SE ALTO ARAGUAIA 34,5 KV",-5322,-1730
Parada Modelo,-4298,-2255
Trombetas,-4298,-2242
UBERABA 4,-4809,-1935
SAUDE,-4041,-1093
VITORIA DE SANTO ANTAO DOIS,-3529,-813
GLORIA DE GOITA,-3529,-800
SE SORRISO RURAL 69 KV,-5576,-1258
Itambi,-4296,-2274
DOM SILVERIO,-4296,-2015
TRES PONTAS 1,-4551,-2138
Teresopolis,-4295,-2240
PRADOPOLIS 1,-4806,-2134
SE CHAPADINHA,-4806,-2363
SE ITAPETININGA 2,-4806,-2363
SAO RAIMUNDO DAS MANGABEIRAS,-4549,-703
GUANHAES,-4293,-1878
SE SORRISO CIDADE 69 KV,-5572,-1255
USINA MIRANDA,-4804,-1891
NANUQUE,-4036,-1783
SE SORRISO RURAL II 69 KV,-5571,-1258
SE CHAPADA DOS GUIMARAES 138 KV,-5571,-1548
PIACATU 1,-5059,-2159
SOBRAL V,-4035,-371
ARACATI,-3779,-458
ITAJUBÁ 1,-4546,-2244
COQUEIRAL 1,-4546,-2119
ABAETE 2,-4546,-1916
SETD SAPUCAIA,-4290,-2199
PONTE NOVA,-4290,-2043
SE CEREJEIRAS,-6081,-1319
SÃO FRANCISCO DE PAULA,-5057,-2943
IBATE 1,-4801,-2195
OLIVEIRA DOS BREJINHOS,-4289,-1232
ROLANTE,-5056,-2964
FORMIGA,-4544,-2045
VICOSA,-4288,-2075
MARAJOARA,-4799,-1615
VARGINHA 1,-4543,-2154
VARGINHA 2,-4543,-2160
ITABERABA,-4031,-1254
UBERABA 3,-4798,-1974
AMARANTE - CEPISA,-4286,-625
IBIRUBÁ 1,-5309,-2864
SERTAOZINHO 1,-4797,-2114
SAO SEBASTIAO - CESP,-4541,-2381
EQUATORIAL,-6076,282
CASTANHAL,-4796,-129
Venda das Pedras,-4284,-2276
BARREIRINHAS II,-4284,-277
IBIRUBÁ 2,-5307,-2864
CEL01,-4795,-2323
CATALAO,-4795,-1815
TIMON,-4283,-512
PLANALTO,-5306,-2734
DOIS VIZINHOS,-5306,-2573
SUBESTA�ÃO SANTO ANTÔNIO DA PATRULHA,-5050,-2982
MARQUES,-4282,-508
SATELITE,-6073,285
SE QUATRO MARCOS 138 KV,-5817,-1564
FRANCISCO BELTRAO,-5305,-2605
SANTA INES,-4537,-367
NAZÁRIA,-4281,-534
ITAPETINGA,-4025,-1524
SE MONTE NEGRO,-6328,-1025
DISTRITO,-6072,276
GOIOERE,-5304,-2418
SUBESTA�ÃO PALMARES DO SUL,-5048,-3024
BREVES,-5048,-168
MARIA DA FÉ 2,-4536,-2232
SABABA SOLAR,-4536,-135
NAZARIA,-4280,-519
MACAUBA,-4280,-511
CHESF,-4280,-513
POTY,-4280,-501
FLORESTA,-6071,283
TERRA ALTA,-4791,-104
UBERABA 6,-4791,-1978
UBERABA 1,-4791,-1972
SAO CARLOS 3 PARAISO,-4790,-2199
LAMBARI,-4534,-2197
GUANAMBI,-4278,-1420
MEDEIROS NETO,-4022,-1739
RIB PRETO 6 IGUAPE,-4789,-2125
TRES CORACOES 2,-4533,-2166
JOCKEY,-4277,-508
IACU,-4021,-1276
CENTRO,-6068,282
SÃO BORJA 3 - COUDELARIA,-5556,-2881
SAO JOAO EVANGELISTA,-4276,-1854
ARACATUBA 2 BAGUACU,-5043,-2122
SATELITE,-4275,-506
RENASCENÇA,-4275,-511
SENHOR DO BONFIM,-4019,-1045
AFOGADOS DA INGAZEIRA,-3763,-776
"SE MIRASSOL DO OESTE 34,5 KV",-5810,-1567
SE SINOP 138 KV,-5554,-1189
LAP01,-4786,-2307
TAT01,-4786,-2334
CABO,-3505,-829
SE SINOP DISTRITO INDUSTRIAL 138 KV,-5552,-1195
CAMBUQUIRA 1,-4528,-2186
UH SALTO GRANDE,-4272,-1912
Papucaia,-4272,-2258
SAO PEDRO DO PIAUI,-4272,-591
PONSA,-3504,-755
ITUVERAVA 2 CATU,-4782,-2032
TAT02,-4782,-2332
USINA TRES MARIAS,-4526,-1821
CAMPO BELO,-4526,-2089
SE SINOP CENTRO 138 KV,-5549,-1184
SARANDI,-5293,-2794
BANDEIRANTES,-5037,-2310
SAO LUIZ DOS MONTES BELOS,-5037,-1651
RIBEIRAO PRETO 1,-4781,-2120
BOM DESPACHO 2,-4525,-1975
TRES CORACOES 1,-4525,-2171
TABOCA,-4269,-508
Conquista,-4269,-2226
RIB PRETO 12 SUL,-4780,-2122
VITORINO FREIRE,-4524,-428
SE UHE ISAMU IKEDA I,-4779,-1070
RIB PRETO 8 IPANEMA,-4779,-2111
MARTINHO CAMPOS,-4523,-1933
SE BRASNORTE 138 KV,-5802,-1212
BIRIGUI 2 GUARANI,-5034,-2128
NEPOMUCENO,-4522,-2124
RIO CASCA,-4266,-2022
Cachoeira de Macacu,-4266,-2248
SUBESTA3,-3754,-1056
CAMARAGIBE,-3498,-801
FIRMINOPOLIS,-5033,-1659
PEDRA DO INDAIA,-4521,-2027
BAIXA GRANDE DO RIBEIRO,-4521,-789
SETD INFLUENCIA,-4265,-2188
JEQUIE  II,-4009,-1387
TABIRA,-3753,-760
TAINHAS,-5032,-2927
IGARAPAVA 1,-4776,-2004
CORONEL FABRICIANO,-4264,-1953
TAPERA 1,-5287,-2863
BRAUNA 1,-5031,-2149
Rio Bonito,-4263,-2271
JEQUIE  I,-4007,-1386
CAXANGA,-3495,-803
PONTEZINHA,-3495,-823
SE CABIXI,-6054,-1349
JAQUIRANA,-5030,-2893
CER02,-4774,-2314
TIE01,-4774,-2308
SE COLORADO,-6053,-1312
JOSE DE FREITAS,-4261,-476
BONJI,-3493,-806
SE ITANORTE 138 KV,-5796,-1430
FER01,-5027,-2027
PIS01,-4771,-2381
CURACA,-4003,-913
IGARASSU,-3491,-785
IMBIRIBEIRA,-3491,-810
SUBESTA�ÃO OSÓRIO 1,-5026,-2988
MINAS NOVAS 1,-4258,-1722
PARATIBE I,-3490,-794
TAMARINEIRA,-3490,-803
NÃO ME TOQUE,-5281,-2847
SE NMO-ME-TOQUE,-5281,-2847
SUBESTA�ÃO PINHAL,-5025,-3024
NOVA PONTE,-4769,-1914
SE ARIQUEMES I,-6304,-992
BOITUVA 2 AGUA BRANCA,-4768,-2327
LAGO DA PEDRA,-4512,-457
IPATINGA 1,-4256,-1944
TEJUCUPAPO,-3488,-764
SHOPPING NORT WAY,-3488,-794
BOA VISTA,-3488,-806
IPATINGA 2,-4255,-1948
SE ARIQUEMES II,-6302,-989
SE CAMPO NOVO DO PARECIS 138 KV,-5790,-1367
ITAPECERICA,-4510,-2047
PAU AMARELO,-3486,-793
ANDIRA,-5021,-2306
OLINDA,-3485,-799
SOLAR,-5276,-190
NAV01,-5020,-2112
PINHEIRO,-4508,-253
PERDOES,-4508,-2110
CAPELINHA 1,-4252,-1768
IPATINGA 3,-4252,-1948
ITAMARACA,-3484,-777
ITURAMA 1,-5019,-1971
RORAINOPOLIS,-6042,95
IGARAPE-AÇU,-4762,-117
MATINHA,-4506,-309
LICINIO DE ALMEIDA,-4250,-1468
SAO LOURENÇO 1,-4505,-2210
ENTRE RIOS DO SUL,-5272,-2748
UVARANAS,-5015,-2509
RIC03,-4759,-2240
SUBESTA8,-3735,-1059
CAMBARÁ DO SUL,-5014,-2905
SUBESTA�ÃO TRAMANDAÍ,-5014,-2999
BELEM,-5014,-2511
SITIO GRANDE - DESATIVADA,-4502,-1245
RAUL SOARES,-4246,-2012
BATATAIS 1,-4757,-2090
POMPEU 2,-4501,-1924
NUCLEO PILAR / MINERACAO CARAIBA,-3989,-987
SANTA VITORIA,-5012,-1885
BARREIRAS,-4500,-1216
PATO BRANCO,-5267,-2621
PAI JOAQUIM,-4755,-1948
SAO SIMAO 1,-4755,-2148
SAO SEBASTIAO DO OESTE,-4499,-2027
NOVA SERRANA,-4499,-1987
SAO FRANCISCO DE PAULA,-4499,-2071
MÃE DO RIO,-4754,-204
"SE BR 364 SAO VICENTE 34,5 KV",-5521,-1582
LAVRAS 2,-4497,-2126
PASSA QUATRO,-4497,-2240
POSTO DA MATA,-3985,-1791
SAO JOSE DO EGITO,-3728,-747
BARREIRAS NORTE,-4495,-1209
SANTA RITA,-4750,-548
REDEN�ÃO,-5005,-804
SÃO MIGUEL DO GUAMA,-4749,-160
DIVINOPOLIS 2,-4493,-2012
PEDREGULHO 1,-4748,-2026
IRAI DE MINAS,-4748,-1899
PIRAPORA 1,-4492,-1735
SANTANA DE IPANEMA,-3724,-938
CIANORTE,-5259,-2368
PEDRINOPOLIS,-4747,-1926
IMPERATRIZ CENTRO,-4747,-553
PITANGUI 2,-4491,-1969
ITANHANDU 2,-4491,-2232
CASTRO,-5002,-2479
Araruama,-4234,-2287
SACRAMENTO,-4745,-1986
PSS01,-4745,-2200
CAROLINA,-4745,-733
FELIXLANDIA,-4489,-1875
IMPERATRIZ,-4744,-549
DiVINOPOLIS 1,-4488,-2015
Entroncamento de Araruama,-4232,-2285
SE CACERES 138 KV,-5767,-1610
USINA DE ERNESTINA,-5255,-2856
VOT01,-4999,-2044
ESTREITO,-4743,-655
BARRO DURO,-4231,-291
SE NOVA MAMORE,-6534,-1041
Maracaja,-5510,-2165
SUBESTA�ÃO TAIM,-5254,-3234
JACUTINGA,-5253,-2774
SE JACAREZINHO,-4997,-2316
MARILIA 3 TARUMA,-4997,-2216
VOT03,-4997,-2041
USINA GAFANHOTO,-4485,-2010
SALINAS,-4229,-1618
SAO JOAQUIM,-4229,-460
Val de Palmas,-4229,-2199
AL. SOLEDADE - PASSO DOS LADR?ES,-5252,-2884
MAC01,-4996,-2080
LEM01,-4740,-2218
SE SERTÃO I SOLAR-PARTICULAR,-4228,-854
ALTO LONGA,-4228,-521
BOA VIAGEM,-3972,-513
TEIXEIRA DE FREITAS,-3972,-1753
SE GUAJARA MIRIM,-6531,-1076
SOLEDADE,-5251,-2881
SAO FRANCISCO 4,-4483,-1594
OLIVEIRA,-4483,-2069
ROQUE GONZALES,-5506,-2813
PALMEIRAS,-4994,-1678
FAB,-4738,-2383
UH TRONQUEIRAS,-4226,-1872
PARANAVAI,-5249,-2311
XINGUARA,-4993,-709
MARILIA 2 ITAMBE,-4993,-2223
ARR02,-4737,-2239
LIM03,-4737,-2259
PARAGOMINAS,-4737,-298
ITIQUIRA (FORMOSA),-4737,-1554
SE SAO MIGUEL,-6272,-1170
SAO JOAO DO PIAUI,-4224,-837
PARAMIRIM,-4224,-1346
Iguaba,-4224,-2283
CAR,-4991,-2008
PERDIZES,-4735,-1938
MIRINZAL,-4478,-207
BACABAL,-4478,-422
CLAUDIO 2,-4478,-2043
SUBESTA8,-3710,-1091
SE VILHENA,-6013,-1274
SANTA CRUZ 3 - BOM JESUS,-5245,-2974
BOM SUCESSO,-4477,-2104
CLAUDIO 1,-4477,-2044
TAIOBEIRAS,-4221,-1583
PARAUAPEBAS,-4988,-608
SE OURINHOS I,-4988,-2298
USINA QUEIMADOS,-4732,-1621
PAPAGAIOS,-4476,-1947
Miracema,-4220,-2142
SE MIRANTE DA SERRA,-6267,-1102
PASSO FUNDO 3,-5243,-2828
CAMPO MAIOR,-4219,-485
SE CONTORNO,-3707,-1095
VARZEA PALMA,-4474,-1759
SUBESTA6,-3706,-1098
SUBESTA�ÃO PELOTAS 3,-5241,-3173
LARANJEIRAS DO SUL,-5241,-2539
PAP,-4729,-2269
TAM01,-4729,-2171
MONTE MOR 1,-4729,-2295
Parati,-4473,-2319
Santo Antonio de Padua,-4217,-2156
SUBESTA9,-3705,-1090
SENADOR LA ROCQUE,-4728,-545
Patrimonio,-4472,-2331
ARCOVERDE,-3704,-842
AMARGOSA,-3959,-1303
UHE ITAPEBI GERADORA-CLIENTE,-3959,-1597
SÃO LUIZ GONZAGA,-5494,-2841
ITAPAJE,-3958,-369
SANTOS DUMONT,-5237,-2403
CARATINGA 1,-4213,-1977
SE TANGARA DA SERRA 138 KV,-5748,-1463
SE NOVA XAVANTINA 138 KV,-5236,-1465
PASSO FUNDO 1,-5236,-2824
OEIRAS,-4212,-701
SAO BERNARDO,-4212,-326
INHAPIM 2,-4212,-1956
EUNAPOLIS,-3956,-1637
PET00,-4723,-2427
Sao Pedro da Aldeia,-4211,-2282
UTE CUJUBIM,-6258,-939
RURÓPOLIS ELETRONORTE,-5490,-407
RUBIATABA,-4978,-1516
SUMARE 5 NOVA VENEZA,-4722,-2281
Macabu,-4210,-2223
COROMANDEL,-4721,-1847
Itaocara,-4209,-2167
MOURAO-I,-5232,-2409
SÃO JOÃO DO SUL,-4976,-2923
LINS 1,-4976,-2168
INDAIATUBA 1,-4720,-2309
ERECHIM 1,-5231,-2766
ARATIBA,-5231,-2742
ARACUAI 1,-4207,-1685
SUBESTA�ÃO PELOTAS 1,-5230,-3176
PASSO DO SOBRADO,-5230,-2970
AMC01,-4974,-2030
PARA DE MINAS 1,-4462,-1986
Trajano de Moraes,-4206,-2207
CAPANEMA,-4717,-120
Porto do Carro,-4205,-2285
Dourados Alvorada,-5484,-2224
LAPA,-4972,-2575
CARANGOLA,-4204,-2072
ENGENHEIRO CALDAS,-4204,-1919
PROCTER & GAMBLE DO BRASIL LTDA,-5995,-312
SHOWA DO BRASIL LTDA,-5995,-313
AL. SERTAO,-5227,-2804
Cabo Frio,-4203,-2288
SE CANARANA 138 KV,-5226,-1355
SE CHAVANTES,-4970,-2305
TUCURUI CENTRO,-4969,-375
ITAUNA 1,-4457,-2005
PARA DE MINAS 2,-4457,-1988
Rocha Leao,-4201,-2242
Vila Verde,-4201,-2248
ERECHIM 2,-5224,-2763
GETÚLIO VARGAS,-5224,-2790
PRINCESA DO XINGU,-5224,-322
JOSE BONIFACIO 1,-4968,-2106
UNAI 6,-4712,-1638
ALTAMIRA,-5222,-319
Mambucaba,-4454,-2303
GOVERNADOR VALADARES 2,-4198,-1885
Natividade,-4198,-2104
APUIARES,-3942,-394
SE JARU,-6245,-1044
MARAU,-5221,-2846
AL. MARAU,-5221,-2847
NOVA ESPERANCA,-5221,-2319
VENÂNCIO AIRES 2 - CIDADE ALTA,-5220,-2963
GOVERNADOR VALADARES 1,-4196,-1886
CRATO,-3940,-723
MUIRAQUITA,-5475,-245
UNAI 4,-4707,-1656
SUBESTA�ÃO CIA RIOG SANEAMENTO CORSAN,-5218,-3212
PRESIDENTE DUTRA,-4450,-528
URUCUI II,-4450,-729
ITAGUARA,-4450,-2039
Rio das Ostras,-4194,-2252
TAPAJÓS,-5473,-248
ALENQUER,-5473,-190
SE LAGOA DA CONFUSAO,-4961,-1078
CAFELANDIA 1,-4961,-2181
CAMPINAS 17 MONTE DESTE,-4705,-2281
CERRO LARGO,-5472,-2815
VENÂNCIO AIRES 1 - CEEE,-5216,-2963
CURIONÓPOLIS,-4960,-610
GUARDA MOR,-4704,-1764
CORINTO 1,-4448,-1837
ARAIOSES,-4192,-288
Cambuci,-4192,-2157
Buzios,-4192,-2278
SE AGUA BOA 138 KV,-5215,-1408
VALINHOS 3 SACI,-4703,-2300
ITATIAIUÇU,-4447,-2019
GOVERNADOR VALADARES 3,-4191,-1883
FREI INOCENCIO,-4191,-1855
JAGUARI,-5470,-2949
SANTARÉM,-5470,-243
Liberdade,-4446,-2246
Angra-Furnas,-4446,-2300
SEVERIANO DE ALMEIDA,-5213,-2744
Entroncamento Retiro Saudoso,-4445,-2254
Itaperuna,-4189,-2120
Severina,-4189,-2230
SE URUPA,-6236,-1114
CAPINOPOLIS,-4956,-1869
GAURAMA,-5211,-2759
SUBESTA�ÃO TERMINAL GRANELEIRO S/A,-5211,-3211
MOM01,-4699,-2244
VALINHOS 1,-4699,-2297
SE CAMPINAS 20 - SAO CONR,-4699,-2286
BRASILIA DE MINAS,-4443,-1622
MATEUS LEME,-4443,-2001
NOVO CRUZEIRO,-4187,-1746
Conceicao de Macabu,-4187,-2208
SAO SEBASTIAO PARAISO,-4698,-2091
PATROCINIO 1,-4698,-1894
BARBALHA,-3930,-732
SANTO CRISTO,-5465,-2783
CAMETÁ,-4953,-226
SE MONTE SANTO,-4697,-2120
MOG,-4697,-2236
IRECE ASA SUL,-4185,-1132
SE RONDONOPOLIS II CENTRO 138 KV,-5464,-1646
SE BUNGE 138 KV,-5464,-1650
AGI01,-4696,-2206
CURVELO 2,-4440,-1874
Imboassica,-4184,-2240
LIVRAMENTO DE BRUMADO,-4184,-1367
IRECE,-4184,-1129
SUBESTA�ÃO DOM FELICIANO,-5207,-3070
JANUARIA 3,-4439,-1549
PARAOPEBA,-4439,-1929
ITABUNA  II,-3927,-1482
SE NOVA BRASILANDIA,-6230,-1173
SE BARRA DO BUGRES 69 KV,-5718,-1504
SE TAPEJARA 2,-5206,-2809
CAMPINA VERDE,-4950,-1953
ARAXA 1,-4694,-1961
MOG02,-4694,-2234
INHUMAS,-4949,-1636
ITG00,-4949,-2371
SAP01,-4693,-2260
SANTO ANTONIO DE JESUS,-3925,-1297
BOM CONSELHO,-3669,-916
SE RONDONOPOLIS I CIDADE 138 KV,-5460,-1647
SANTO ANTONIO DOS LOPES,-4436,-483
ITAPECURU MIRIM,-4436,-340
UTE CNH ALVORADA D OESTE,-6227,-1134
Campo Grande Miguel Couto,-5459,-2047
FOZ DO IGUACU,-5459,-2550
SE BERNARDINO DE CAMPOS,-4947,-2302
CASSIA 1,-4691,-2059
Macae,-4179,-2237
Campo Grande Cuiabl,-5458,-2042
Campo Grande Assis Scaffa,-5458,-2052
SUBESTA�ÃO SÃO LOURENÇO DO SUL,-5202,-3132
SE SAO JOSE DO RIO PARDO,-4690,-2162
SE OURO PRETO,-6225,-1074
ITUIUTABA 1,-4945,-1896
VAZANTE 1,-4689,-1799
UNAI 3,-4689,-1640
BOM JESUS,-4433,-908
ARAPIRACA III,-3665,-979
SÃO MIGUEL ARCANJO,-5456,-2848
PRESIDENTE ALVES 1,-4944,-2210
JUNDIAI 1,-4688,-2319
CORDISBURGO,-4432,-1913
CARAUBAS,-4176,-349
PIRIPIRI,-4176,-428
MARINGA,-5199,-2345
CASCA,-5199,-2857
LIBERDADE,-4431,-2203
PARNAIBA,-4175,-294
CAMPANARIO,-4175,-1830
Iguatemi,-5454,-2367
PORTAL,-5454,-2550
LAJEADO 2 - CEEE,-5198,-2947
PARACATU 1,-4686,-1722
SAO MARCOS,-4430,-249
IGARAPE 2,-4430,-2004
Sao Fidelis,-4174,-2165
MANDACARU,-5197,-2342
CENTRO,-4429,-255
PARNAIBA II,-4173,-294
IPANEMA,-4173,-1980
SE CERTEL 2,-5196,-2944
ESTRELA 2,-5196,-2948
SAO JOSE RIO PRETO 6 NORT,-4940,-2077
IGARAPE 1,-4428,-1997
Cabiunas,-4172,-2230
ANHANDUS,-5451,-2099
SAO JOSE RIO PRETO 3 PRIM,-4939,-2083
ITAPIRA 1,-4683,-2244
ITATIBA 3 COLONIAL,-4683,-2302
SETE LAGOAS 3,-4427,-1951
SAO FRANCISCO,-4427,-250
Italva,-4171,-2136
URUGUAIANA 1 - PROFICAR,-5706,-2978
ARROIO DO MEIO,-5194,-2939
TOMAZ COELHO,-4938,-2555
MARACANA,-4426,-264
HORIZONTE,-5193,-2345
SJB01,-4681,-2198
VILA PALMEIRA,-4425,-255
SAO JOAO DEL REI 1,-4425,-2114
Bom Jesus do Itabapoana,-4169,-2114
ITABEROE,-3913,-1368
JARDIM ALVORADA,-5192,-2341
SAO JOSE RIO PRETO 5 AUST,-4936,-2083
GOYA,-4936,-1666
ITAPAGIPE,-4936,-1990
CHAV. ETERNIT,-4936,-1671
SETE LAGOAS 1,-4424,-1944
JOAO DOURADO,-4168,-1136
TAPEROA,-3912,-1353
SEC PENEDO,-3656,-1024
OLHO DAGUA,-4423,-249
SAO JOAO DEL REI 2,-4423,-2108
SANTA ROSA,-5446,-2788
FORQUILHA,-4422,-256
BRUMADINHO,-4422,-2015
TURU,-4422,-252
SAO FELIPE,-3910,-1284
ENCANTADO,-5189,-2923
GUAPORÉ,-5189,-2884
PINHAL 1,-4677,-2219
SETE LAGOAS 2,-4421,-1947
BRUMADO,-4165,-1421
TREMEMBE,-3909,-1423
SANTA ROSA 2,-5444,-2786
CAMPINA DO SIQUEIRA,-4932,-2544
ITAU DE MINAS,-4676,-2074
SANTA TEREZINHA,-4420,-256
SETD SAUDADE,-4420,-2253
CARGIL-CLIENTE,-3908,-1474
JARDIM TROPICAL,-5187,-2343
SE TAPIRATIBA,-4675,-2147
BETIM 5,-4419,-1999
PORTO SEGURO,-3907,-1643
CAMPINAS,-4930,-1667
CIDADE OPERARIA,-4418,-261
CARRANCA,-4418,-1341
MIRABELA,-4418,-1625
Cardoso Moreira,-4162,-2149
MACURURE,-3906,-917
VALENCA,-3906,-1336
TAQUARI,-5185,-2981
MERCES,-4929,-2542
ATLANTICO,-4929,-1673
BETIM 3,-4417,-1992
ESMERALDAS,-4417,-1968
FAZENDA IGUACU,-4928,-2563
AEROPORTO,-4928,-1668
BATEL,-4928,-2545
SETD FONTINELE,-4416,-2255
MAIOBAO,-4416,-255
ARACAGY,-4416,-248
CIMENTO DO BRASIL-CLIENTE,-4160,-1420
MARAU,-3904,-1421
COROA VERMELHA,-3904,-1638
SANANDUVA,-5183,-2794
CONCEI�ÃO DO ARAGUAIA,-4927,-827
IBIRA_1_VILA VENTURA,-4926,-2099
FERROVIARIO,-4926,-1666
GUAXUPÉ 2,-4670,-2129
BETIM 2,-4414,-1996
COCAL DA ESTA�ÃO,-4158,-346
SECCIONADORA GARANHUNS,-3646,-885
SE CERTEL 1,-5181,-2945
BACACHERI,-4925,-2540
PARACATU 2,-4669,-1745
CONTAGEM 5,-4413,-1986
GOIANIA LESTE,-4924,-1668
ITUMBIARA NOVA,-4924,-1842
ANHANGUERA,-4924,-1679
SETD RETIRO,-4412,-2250
MURITIBA,-3900,-1262
MOURA II,-3644,-833
SUBESTA�ÃO CTJ2,-5179,-2971
PARAÍ,-5179,-2859
MATOZINHOS,-4411,-1956
TEOFILANDIA,-3899,-1149
SANTA HELENA,-5434,-2487
GIRUÁ,-5434,-2803
NEROPOLIS,-4922,-1640
NEVES 1,-4410,-1982
SE MACHADINHO D OESTE,-6201,-944
PAIM FILHO,-5177,-2772
IBIRITE 2,-4409,-2001
SETD VOLTA REDONDA,-4409,-2251
SE NOVA MUTUM PARANA ELN,-6456,-929
HORIZONTINA,-5432,-2764
ATUBA,-4920,-2538
BETIM 4,-4408,-1996
TEOFILO OTONI 1,-4152,-1787
SE ALTA FLORESTA,-6199,-1194
SE PRIMAVERA DO LESTE 138 KV,-5431,-1557
AFONSO PENA,-4919,-2554
ARAPORA,-4919,-1844
CINCO,-4407,-1993
JANGADA,-4407,-2009
MACHADO MINEIRO,-4151,-1552
FEIRA DE SANTANA  II,-3895,-1223
RIACHAO,-4662,-737
CTEEP CACONDE,-4662,-2157
SE JI PARANA I,-6197,-1086
SANTO ÂNGELO 2,-5429,-2830
MUCUGE,-4149,-1315
PIRELLI-CLIENTE,-3893,-1229
NEVES 3,-4404,-1983
MORROS,-4404,-285
PEDRO LEOPOLDO 3,-4404,-1960
PICOS,-4148,-708
CONSELHEIRO PENA,-4148,-1918
DER. CENTRO INDUSTRIAL DE FEIRA,-3892,-1229
JATAI,-5171,-1788
ATI03,-4659,-2321
PASSOS 1,-4659,-2070
JACUTINGA,-4659,-2229
CONTAGEM 3,-4403,-1990
CIDADE INDUSTRIAL,-4403,-1996
SANTA MONICA,-3891,-1226
CIDADE NOVA (MARABA),-4914,-538
ANDRADAS 2,-4658,-2209
DIANOPOLIS - CELTINS,-4658,-1125
ATALAIA,-4402,-1994
JATOBA,-4402,-2000
PEDRO SEGUNDO,-4146,-442
TRÊS DE MAIO,-5425,-2777
BEN - BIOENERGIA,-3633,-992
SANTO ÂNGELO 1,-5424,-2830
IVAIPORA,-5168,-2422
URUACU,-4912,-1452
IBIA 2,-4656,-1951
NEVES 2,-4400,-1979
SE JI PARANA III,-6191,-1090
GOIANESIA,-4911,-1534
CONFINS 1,-4399,-1964
PARAIBANO,-4399,-644
SE PRESIDENTE MEDICI,-6190,-1116
SE GURUPI I,-4910,-1175
GOIANÉSIA,-4910,-382
BH BONSUCESSO,-4398,-1998
BH ADELAIDE,-4398,-1990
BATURITE,-3886,-435
LAJEDO,-3630,-867
SE PONTES E LACERDA 138 KV,-5933,-1525
PATOS DE MINAS 1,-4653,-1859
UNAI 5,-4653,-1612
BARROSO 3,-4397,-2116
BH CALAFATE,-4397,-1993
SE ITAI II,-4908,-2341
MUZAMBINHO 2,-4652,-2138
GUTIERREZ,-4396,-1994
FARO,-5675,-217
ITAQUIRAi,-5419,-2348
JUP01,-5163,-2078
BAURU 4 ESTORIL,-4907,-2235
BAURU 1,-4907,-2229
LAGOA GRANDE,-4651,-1779
MANGA 1,-4395,-1477
BARRO PRETO,-4395,-1992
PAMPULHA,-4395,-1983
NOVA LIMA 7,-4395,-1998
NOVA GRANJA,-4394,-1970
NOVA LIMA 4,-4394,-2016
SION,-4394,-1995
MARACANA,-4394,-1987
PORTO,-3882,-355
PORTO II,-3882,-355
SE ALTO ALEGRE,-6185,-1213
SÃO PEDRO DO SUL,-5417,-2960
Deod polis,-5417,-2229
NOVA PRATA 2,-5161,-2881
SUBESTA�ÃO CHARQUEADAS 2,-5161,-2996
CENTRO 2,-4393,-1993
IBICOARA-CHESF,-4137,-1345
BH-HORTO,-4392,-1990
SANTA LUZIA 2,-4392,-1978
Mombaca,-4136,-2173
LENCOIS,-4136,-1248
BAURU 3 HIPODROMO,-4903,-2233
PATOS DE MINAS 2,-4647,-1861
CUMBICA,-4647,-2347
SANTA EFIGENIA,-4391,-1993
BH SAO MARCOS,-4391,-1987
NOVA RESENDE,-4646,-2117
MONTES CLAROS 4,-4390,-1676
SETD VIGARIO,-4390,-2263
BURITICUPU,-4645,-432
CODO,-4389,-446
Distribuidora de Campos,-4133,-2177
SANTA CRUZ DO CAPIBARIBE,-3621,-797
SOCORRO,-5156,-2557
MONTES CLAROS 1,-4388,-1672
SANTA LUZIA 4,-4388,-1981
LAGOA SANTA,-4388,-1963
VERANÓPOLIS,-5155,-2891
NOVA LIMA 1,-4387,-1999
CENTRAL DE MINAS,-4131,-1876
SE ROLIM DE MOURA,-6178,-1171
SE SANTA LUZIA,-6178,-1191
LAGOA FORMOSA 2,-4642,-1881
CI SANTA LUZIA,-4386,-1983
DRA01,-5153,-2146
BOTELHOS,-4641,-2165
JABOTICATUBAS,-4385,-1940
TAILÂNDIA,-4896,-291
SETD SANTA CECILIA,-4384,-2248
SANTA LUZIA 1,-4384,-1976
Goitacazes,-4128,-2183
SUBESTA�ÃO BAGE 2,-5407,-3129
GARIBALDI 2,-5151,-2924
BENTO GONÇALVES 2,-5151,-2918
LAGOA VERMELHA 1,-5151,-2822
JUNDIAI,-4895,-1636
ALPINOPOLIS 2,-4639,-2085
MONTES CLAROS 2,-4383,-1667
PEDRA AZUL,-4127,-1601
BENTO GONÇALVES 1,-5150,-2916
CARLOS BARBOSA,-5150,-2927
ANAPOLIS UNIVERSITARIA,-4894,-1629
FRUTAL 2,-4894,-2005
DAIA - ANAPOLIS,-4894,-1640
BONSUCESSO,-4638,-2345
CONSELHEIRO LAFAIETE 1,-4382,-2066
JOAQUIM MURTINHO,-4382,-2055
SABARA,-4382,-1990
BOCAIUVA,-4382,-1711
RESPLENDOR,-4126,-1933
MARECHAL CANDIDO RONDON,-5405,-2456
SUBESTA�ÃO CTJ1,-5149,-2982
SE AVARE II,-4893,-2306
PRATA 1,-4893,-1930
BARRO ALTO (FURNAS) - FICTICIA,-4893,-1512
MANGA 5,-4381,-1511
SE PETROVINA 138 KV,-5404,-1679
AREALVA 1,-4892,-2202
FRUTAL 1,-4892,-2002
OURO FINO,-4636,-2228
CARANDAI 3,-4380,-2095
ITABIRITO 1,-4379,-2026
SAO JOAO DO SOTER,-4379,-510
MONTENEGRO 1,-5146,-2967
OLIMPIA 1 JARDIM PAULISTA,-4890,-2073
SANTANA,-4890,-1633
BARBACENA 1,-4378,-2121
"SE CANGAS 34,5 KV",-5657,-1608
CRISTO REI,-5145,-2358
SANTA RITA DE CALDAS,-4633,-2203
Saturnino Braga,-4121,-2189
SEC SAO MIGUEL,-3609,-977
SÃO MIGUEL DOS CAMPOS,-3609,-977
ABAETETUBA,-4888,-173
ITE,-4888,-2400
SANTOS 6 VILA NOVA,-4632,-2394
MACUCO,-4631,-2395
CARMO DO PARANAIBA 2,-4631,-1898
BARBACENA 2,-4375,-2119
GUAIUBA,-3863,-402
TANGARA,-5142,-2338
TRANSPETRO-CLIENTE,-3861,-1273
IBITINGA 1,-4884,-2175
VIC,-4628,-2393
SETD SEROPÉDICA,-4372,-2270
Caeta,-4116,-2171
TEXTIL BEZERRA DE MENEZES II,-3860,-385
SE TAPURAH 138 KV,-5651,-1275
ROLANDIA,-5139,-2331
SERRA BRANCA,-4115,-925
TERRA SANTA,-5650,-211
RIO PARANAIBA,-4626,-1937
SAO JOAO DOS PATOS,-4370,-650
Baixa Grande,-4114,-2194
Valao Seco,-4114,-2139
BONSUCESSO,-3858,-379
PICI I,-3858,-375
IJUÍ 1,-5393,-2841
TRÊS PASSOS,-5393,-2744
MOJÚ,-4881,-209
ITAPOLIS 1,-4881,-2160
MANGA 3,-4369,-1535
CERILUZ,-5392,-2830
BOM PRINCÍPIO,-5136,-2950
FARROUPILHA 2,-5136,-2920
SE PARANAITA 138 KV,-5647,-967
PARACATU 5,-4623,-1701
FRANCISCO SA,-4367,-1635
VERTENTES,-3599,-791
SETD CENTENÁRIO,-4366,-2240
MONDUBIM,-3854,-383
CARUARU,-3598,-830
SUBESTA�ÃO GUAÍBA 1,-5133,-3013
SAO JOAO DO CARU,-4621,-351
GUA02,-4621,-2397
RIBEIRA DO POMBAL,-3853,-1085
FARROUPILHA 1,-5132,-2922
PEDERNEIRAS 1,-4876,-2237
PRATA 2,-4876,-1908
Santa Clara,-4108,-2152
SE DIAMANTINO 138 KV,-5643,-1443
CONCEICAO APARECIDA,-4619,-2110
JABOTI,-3851,-391
FELIZ,-5130,-2945
SE:SÃO DOMINGOS DO ARAGUAIA,-4874,-552
CAMPOS ALTOS,-4618,-1969
JOAO PINHEIRO 1,-4618,-1774
Farol,-4106,-2204
SE BORBOREMA,-3594,-723
ALTO FELIZ,-5129,-2938
VILA DO CONDE,-4873,-158
BARIRI 1,-4873,-2208
GRAJAU,-4617,-583
DIAMANTINA 1,-4361,-1823
IGUATEMI,-3849,-376
SANTA MARIA 4 - BR 158,-5384,-2970
ANTONIO PRADO,-5128,-2884
AREADO 2,-4616,-2137
BORDA DA MATA,-4616,-2228
SETD MARAPICU,-4360,-2282
SE_QUEIMADAS,-3592,-737
CANDEAL,-3847,-1298
"SE - CAMPINA GRANDE II - 69/13,8",-3591,-727
TUPANCIRETÃ,-5382,-2909
PAC01,-5126,-2155
TUPACIGUARA 2,-4870,-1861
CARMO DO RIO CLARO,-4614,-2097
PARIPE,-3846,-1284
SE BELA VISTA - 69/13.8 KV,-3590,-722
SANTA MARIA 5 - UGLIONE,-5381,-2971
SETD CACHAMORRA,-4357,-2292
FRANCISCO SA 2,-4357,-1619
Buena,-4101,-2141
SE AEREO CLUBE,-3589,-726
MARCO BALDO,-5380,-2756
CAMPO NOVO,-5380,-2768
LONDRINA,-5124,-2328
SUBESTA�ÃO MENINO DEUS,-5124,-3007
USINA H. DE POÇO FUNDO,-4612,-2179
SETD QUEIMADOS,-4356,-2274
MANTENA,-4100,-1877
CENTRO ADMINISTRATIVO DA BAHIA,-3844,-1295
SE CATOLE  - 69/13.8 KV,-3588,-725
SE CACOAL,-6147,-1144
SANTA MARIA 1 - CEEE,-5379,-2966
SANTO AUGUSTO,-5379,-2786
PIRANGI 1,-4867,-2110
SETD SANTA CLARA,-4355,-2272
SETD SANTISSIMO,-4355,-2287
IMBUI,-3843,-1297
SE CAMPINA GRANDE I - 69/13.8 KV,-3587,-723
SE NOBRES 138 KV,-5634,-1474
ARINOS,-4610,-1592
PARATEI,-4610,-2332
CAMPINHO,-3842,-887
PITUACU II,-3842,-1294
TENENTE PORTELA,-5377,-2737
CAXIAS DO SUL 1,-5121,-2918
SUBESTA�ÃO PORTO ALEGRE 3,-5121,-3006
JARDIM BANDEIRANTES,-5121,-2330
CIA III,-3841,-1282
BELA VISTA DO PARAISO,-5120,-2299
SETD ALVORADA,-4338,-2299
SETD SÃO CONRADO,-4325,-2299
SETD POSTO SEIS,-4319,-2299
CAMPINAS 15 DIC,-4712,-2299
Jacuacanga,-4424,-2299
SETD CURICICA,-4340,-2296
SETD JARDIM BOTANICO,-4322,-2296
SETD HUMAITÁ,-4320,-2296
SETD BOTAFOGO,-4318,-2296
SETD LEME,-4318,-2296
ARARETAMA,-4550,-2296
SETD PORTA D'AGUA,-4333,-2294
SETD URUGUAI,-4324,-2294
Piratininga,-4305,-2294
CAMPINAS 3 TREVO,-4707,-2294
SETD PACIENCIA,-4364,-2294
SETD MATO ALTO,-4357,-2294
SETD TAQUARA,-4337,-2291
SETD BOCA DO MATO,-4329,-2291
SETD SANTO ANTONIO,-4318,-2291
SETD SANTA LUZIA,-4317,-2291
Icarai,-4310,-2291
Zona Sul,-4306,-2291
Inoa,-4294,-2291
SETD ESPERANÇA,-4368,-2291
SETD CAMPO MARTE,-4322,-2290
SETD MACKENZIE,-4319,-2290
SETD CAMERINO,-4319,-2290
Marica,-4283,-2290
SE SANTA CRUZ DO RIO PARDO,-4963,-2290
SETD COSMOS,-4362,-2290
SETD JABOATAO,-4356,-2290
SETD CAMARA,-4348,-2289
SETD PADRE MIGUEL,-4343,-2289
SETD VILA VALQUEIRE,-4337,-2289
SETD PIEDADE,-4331,-2289
SETD CACHAMBI,-4327,-2289
SETD TRIAGEM,-4325,-2289
SETD TROVAO,-4323,-2289
Sao Lourenco,-4311,-2289
Bacaxa,-4247,-2289
SETD BRISAMAR,-4384,-2289
SETD ITAGUAI,-4376,-2289
SETD ZONA INDUSTRIAL,-4374,-2289
